patient_id,d_p,nu_p,sigma_p
0,11,15,1.2735737284021589
1,9,32,1.3342530600259441
2,9,37,1.6354966906498387
3,10,25,1.234282694886299
4,9,24,0.5963261407968123
5,16,27,1.4784450854435711
6,19,21,0.5482065356652217
7,12,24,0.6994787907028328
8,4,23,1.1619079217909554
9,9,27,0.6991645458330471
10,14,32,1.4648778939313203
11,6,35,1.05587336398344
12,18,21,0.7126170995292441
13,18,21,1.2322971128511302
14,4,15,0.7517136363132815
