patient_id,d_p,nu_p,sigma_p
0,5,32,1.6029770582395009
1,7,17,1.3584357515050056
2,11,12,1.7188232432557773
3,4,15,1.3289979009345831
4,6,35,1.7373622303969536
5,7,34,1.8224252682237996
6,6,7,1.6975394614912478
7,8,15,0.8942150279563943
8,5,14,1.2768197093290892
9,8,19,1.93008715114103
10,6,23,1.9362098473571092
11,9,33,0.9562091910277488
12,8,31,1.7236835048441108
13,7,25,1.2997312880183094
14,8,8,1.5686351435690966